x,T,u,Y_H2,Y_H,Y_O,Y_O2,Y_OH,Y_H2O,Y_HO2,Y_H2O2,Y_AR
0.00000000e+00,3.00000000e+02,2.25932322e+00,2.80000000e-02,-2.02023314e-18,-1.10731916e-16,2.22000000e-01,2.60640510e-17,2.20118771e-20,-5.79331050e-16,4.73303096e-17,0.00000000e+00
6.00000000e-03,3.00000000e+02,2.25932322e+00,2.80000000e-02,-1.81158797e-22,-9.50505260e-17,2.22000000e-01,7.56292926e-20,9.91487812e-18,-6.60269969e-16,4.73298247e-17,0.00000000e+00
1.20000000e-02,3.00000000e+02,2.25932322e+00,2.80000000e-02,-1.24373366e-22,-8.15882545e-17,2.22000000e-01,-1.17958879e-19,-5.03981014e-18,-7.15447089e-16,4.73298250e-17,0.00000000e+00
1.50000000e-02,3.00000000e+02,2.25932322e+00,2.80000000e-02,-1.15730616e-22,-7.53701541e-17,2.22000000e-01,-1.10570547e-19,-1.20499159e-17,-7.41120548e-16,4.73298253e-17,0.00000000e+00
1.65000000e-02,3.00000000e+02,2.25932322e+00,2.80000000e-02,-1.11160267e-22,-7.23844866e-17,2.22000000e-01,-1.06217224e-19,-1.54158948e-17,-7.53449039e-16,4.73298315e-17,0.00000000e+00
1.80000000e-02,3.00000000e+02,2.25932322e+00,2.80000000e-02,-1.06726224e-22,-6.94968725e-17,2.22000000e-01,-1.01980811e-19,-1.85641429e-17,-7.65278005e-16,4.73306276e-17,0.00000000e+00
1.87500000e-02,3.00000000e+02,2.25932322e+00,2.80000000e-02,-1.03558301e-22,-6.74345717e-17,2.22000000e-01,-9.89557611e-20,-1.63844633e-17,-7.70635668e-16,4.73695264e-17,0.00000000e+00
1.91250000e-02,3.00000000e+02,2.25932322e+00,2.79999999e-02,-8.59271914e-23,-5.59755345e-17,2.22000000e-01,-8.21671581e-20,6.72019609e-17,-7.64004779e-16,4.83297117e-17,0.00000000e+00
1.95000000e-02,3.00000000e+02,2.25932321e+00,2.79999994e-02,2.79531957e-22,1.80985401e-16,2.22000000e-01,2.66518924e-19,2.62259739e-15,-4.68408864e-16,8.02517133e-17,0.00000000e+00
1.98750000e-02,3.00000001e+02,2.25932307e+00,2.79999930e-02,8.42822561e-21,5.36724321e-15,2.22000002e-01,8.17457850e-18,8.00992878e-14,9.05304864e-15,1.14151960e-15,0.00000000e+00
2.00625000e-02,3.00000005e+02,2.25932250e+00,2.79999653e-02,8.67998882e-20,4.86942249e-14,2.22000010e-01,9.28353480e-17,9.70650294e-13,1.25434717e-13,1.45050888e-14,0.00000000e+00
2.02500000e-02,3.00000045e+02,2.25931911e+00,2.79997969e-02,1.44417466e-18,5.43581787e-13,2.22000060e-01,1.91030293e-15,1.49214743e-11,2.08719364e-12,2.43326935e-13,0.00000000e+00
2.04375000e-02,3.00000457e+02,2.25929974e+00,2.79987710e-02,4.07521734e-17,6.19555881e-12,2.22000364e-01,6.64451563e-14,2.33438777e-10,3.51590569e-11,4.16137508e-12,0.00000000e+00
2.05312500e-02,3.00002086e+02,2.25925785e+00,2.79962994e-02,6.76627690e-16,3.11075526e-11,2.22001095e-01,1.19505656e-12,1.54346482e-09,2.47011155e-10,2.98085614e-11,0.00000000e+00
2.06250000e-02,3.00011215e+02,2.25913458e+00,2.79875368e-02,1.08092523e-14,1.85495679e-10,2.22003683e-01,1.95094424e-11,1.24452940e-08,2.11846126e-09,2.62188535e-10,0.00000000e+00
2.06718750e-02,3.00031536e+02,2.25900837e+00,2.79747931e-02,7.51596205e-14,5.63532385e-10,2.22007431e-01,1.35370899e-10,4.77740669e-08,8.45168781e-09,1.08070553e-09,0.00000000e+00
2.07187500e-02,3.00098639e+02,2.25887919e+00,2.79458427e-02,4.90818388e-13,1.92235174e-09,2.22015880e-01,8.85192464e-10,2.12122827e-07,3.91051055e-08,5.19648007e-09,0.00000000e+00
2.07656250e-02,3.00320248e+02,2.25910641e+00,2.78801210e-02,3.21357704e-12,6.80455472e-09,2.22034761e-01,5.76450742e-09,9.75176999e-07,1.85649844e-07,2.58734148e-08,0.00000000e+00
2.07890625e-02,3.00622387e+02,2.25997316e+00,2.78160198e-02,1.04277592e-11,1.39978455e-08,2.22052666e-01,1.83040989e-08,2.39547748e-06,4.62199598e-07,6.73353746e-08,0.00000000e+00
2.08125000e-02,3.01272266e+02,2.26256197e+00,2.77114555e-02,3.41780822e-11,3.05180706e-08,2.22080604e-01,5.85631258e-08,6.38941832e-06,1.25536105e-06,1.91742747e-07,0.00000000e+00
2.08242187e-02,3.01877412e+02,2.26541555e+00,2.76345347e-02,6.80529094e-11,4.68550968e-08,2.22099809e-01,1.12240837e-07,1.10896743e-05,2.20273142e-06,3.46687540e-07,0.00000000e+00
2.08359375e-02,3.02829950e+02,2.27034114e+00,2.75336195e-02,1.39373369e-10,7.38456485e-08,2.22122854e-01,2.18897284e-07,2.00179116e-05,4.03715147e-06,6.54847278e-07,0.00000000e+00
2.08476562e-02,3.04327814e+02,2.27865227e+00,2.74015113e-02,3.00307312e-10,1.18572816e-07,2.22148884e-01,4.31158507e-07,3.69233526e-05,7.58299303e-06,1.26447582e-06,0.00000000e+00
2.08535156e-02,3.05397215e+02,2.28486277e+00,2.73202895e-02,4.74196977e-10,1.52178254e-07,2.22161894e-01,6.17512310e-07,5.10027184e-05,1.05933107e-05,1.78953352e-06,0.00000000e+00
2.08593750e-02,3.06770502e+02,2.29306396e+00,2.72267848e-02,7.78951489e-10,1.97084606e-07,2.22173477e-01,8.92611791e-07,7.12886954e-05,1.50082892e-05,2.56530548e-06,0.00000000e+00
2.08652344e-02,3.08532157e+02,2.30384190e+00,2.71193131e-02,1.35503409e-09,2.57338779e-07,2.22181836e-01,1.30022335e-06,1.00440776e-04,2.14718042e-05,3.70565861e-06,0.00000000e+00
2.08710937e-02,3.10788797e+02,2.31793994e+00,2.69960350e-02,2.52370942e-09,3.38673000e-07,2.22184217e-01,1.90803681e-06,1.42193966e-04,3.09069390e-05,5.37026931e-06,0.00000000e+00
2.08769531e-02,3.13674004e+02,2.33629302e+00,2.68549761e-02,5.04170657e-09,4.49402793e-07,2.22176513e-01,2.82293746e-06,2.01741397e-04,4.46143726e-05,7.77718792e-06,0.00000000e+00
2.08798828e-02,3.15415330e+02,2.34750915e+00,2.67769515e-02,7.48352371e-09,5.20514285e-07,2.22166619e-01,3.46108049e-06,2.40914163e-04,5.37481349e-05,9.36830631e-06,0.00000000e+00
2.08828125e-02,3.17395088e+02,2.36036287e+00,2.66935083e-02,1.11962141e-08,6.05176960e-07,2.22151047e-01,4.26248290e-06,2.88236163e-04,6.48758782e-05,1.12953346e-05,0.00000000e+00
2.08857422e-02,3.19643621e+02,2.37506864e+00,2.66043680e-02,1.68943625e-08,7.06385562e-07,2.22128381e-01,5.27273678e-06,3.45285371e-04,7.83752680e-05,1.36176564e-05,0.00000000e+00
2.08886719e-02,3.22194379e+02,2.39186291e+00,2.65092573e-02,2.56691438e-08,8.27934174e-07,2.22096947e-01,6.55169313e-06,4.13902001e-04,9.46662131e-05,1.64001827e-05,0.00000000e+00
2.08916016e-02,3.25083975e+02,2.41100456e+00,2.64079126e-02,3.91749791e-08,9.74658079e-07,2.22054787e-01,8.17816854e-06,4.96216370e-04,1.14199471e-04,1.97116910e-05,0.00000000e+00
2.08930664e-02,3.26671132e+02,2.42156433e+00,2.63547933e-02,4.86407166e-08,1.05982799e-06,2.22028819e-01,9.16128636e-06,5.43459053e-04,1.25361058e-04,2.15931021e-05,0.00000000e+00
2.08945313e-02,3.28361663e+02,2.43284366e+00,2.62999960e-02,6.03596371e-08,1.15410557e-06,2.21999074e-01,1.02782054e-05,5.95307562e-04,1.37560993e-04,2.36422303e-05,0.00000000e+00
2.08959961e-02,3.30161376e+02,2.44488369e+00,2.62434926e-02,7.48532326e-08,1.25860830e-06,2.21965183e-01,1.15482593e-05,6.52159344e-04,1.50859827e-04,2.58687338e-05,0.00000000e+00
2.08974609e-02,3.32076262e+02,2.45772685e+00,2.61852567e-02,9.27517858e-08,1.37460494e-06,2.21926755e-01,1.29936362e-05,7.14437368e-04,1.65313884e-04,2.82818251e-05,0.00000000e+00
2.08989258e-02,3.34112480e+02,2.47141671e+00,2.61252638e-02,1.14814218e-07,1.50353519e-06,2.21883379e-01,1.46397478e-05,7.82590280e-04,1.80973213e-04,3.08900551e-05,0.00000000e+00
2.09003906e-02,3.36276331e+02,2.48599785e+00,2.60634918e-02,1.41950585e-07,1.64703114e-06,2.21834625e-01,1.65156212e-05,8.57092264e-04,1.97879282e-04,3.37010781e-05,0.00000000e+00
2.09018555e-02,3.38574236e+02,2.50151563e+00,2.59999211e-02,1.75247371e-07,1.80694025e-06,2.21780044e-01,1.86543041e-05,9.38442573e-04,2.16062437e-04,3.67214013e-05,0.00000000e+00
2.09033203e-02,3.41012699e+02,2.51801597e+00,2.59345345e-02,2.15995634e-07,1.98534981e-06,2.21719172e-01,2.10932721e-05,1.02716467e-03,2.35539166e-04,3.99561279e-05,0.00000000e+00
2.09047852e-02,3.43598273e+02,2.53554507e+00,2.58673179e-02,2.65722040e-07,2.18461223e-06,2.21651530e-01,2.38748213e-05,1.12380495e-03,2.56309259e-04,4.34086999e-05,0.00000000e+00
2.09062500e-02,3.46337519e+02,2.55414913e+00,2.57982600e-02,3.26222671e-07,2.40737095e-06,2.21576632e-01,2.70464249e-05,1.22893098e-03,2.78352936e-04,4.70806533e-05,0.00000000e+00
2.09077148e-02,3.49236951e+02,2.57387395e+00,2.57273527e-02,3.99599431e-07,2.65658594e-06,2.21493983e-01,3.06610263e-05,1.34312924e-03,3.01628096e-04,5.09713950e-05,0.00000000e+00
2.09091797e-02,3.52302988e+02,2.59476456e+00,2.56545912e-02,4.88298710e-07,2.93555816e-06,2.21403087e-01,3.47772358e-05,1.46700230e-03,3.26067810e-04,5.50780152e-05,0.00000000e+00
2.09106445e-02,3.55541890e+02,2.61686478e+00,2.55799740e-02,5.95151839e-07,3.24795171e-06,2.21303446e-01,3.94593937e-05,1.60116554e-03,3.51578240e-04,5.93951459e-05,0.00000000e+00
2.09121094e-02,3.58959695e+02,2.64021676e+00,2.55035033e-02,7.23416693e-07,3.59781253e-06,2.21194571e-01,4.47774570e-05,1.74624318e-03,3.78037158e-04,6.39148766e-05,0.00000000e+00
2.09135742e-02,3.62562149e+02,2.66486045e+00,2.54251846e-02,8.76819626e-07,3.98958218e-06,2.21075979e-01,5.08066650e-05,1.90286394e-03,4.05293248e-04,6.86267355e-05,0.00000000e+00
2.09150391e-02,3.66354634e+02,2.69083312e+00,2.53450268e-02,1.05959673e-06,4.42810518e-06,2.20947202e-01,5.76269387e-05,2.07165612e-03,4.33166354e-04,7.35177400e-05,0.00000000e+00
2.09165039e-02,3.70342092e+02,2.71816879e+00,2.52630424e-02,1.27653325e-06,4.91862843e-06,2.20807787e-01,6.53219728e-05,2.25324233e-03,4.61448828e-04,7.85725191e-05,0.00000000e+00
2.09179687e-02,3.74528948e+02,2.74689769e+00,2.51792474e-02,1.53299971e-06,5.46679131e-06,2.20657301e-01,7.39779853e-05,2.44823389e-03,4.89908062e-04,8.37735005e-05,0.00000000e+00
2.09194336e-02,3.78919042e+02,2.77704575e+00,2.50936605e-02,1.83498341e-06,6.07860506e-06,2.20495334e-01,8.36821033e-05,2.65722507e-03,5.18290242e-04,8.91011563e-05,0.00000000e+00
2.09208984e-02,3.83515549e+02,2.80863404e+00,2.50063040e-02,2.18911333e-06,6.76042078e-06,2.20321501e-01,9.45203793e-05,2.88078720e-03,5.46325307e-04,9.45342920e-05,0.00000000e+00
2.09223633e-02,3.88320919e+02,2.84167838e+00,2.49172027e-02,2.60267712e-06,7.51888548e-06,2.20135445e-01,1.06575455e-04,3.11946301e-03,5.73732969e-04,1.00050363e-04,0.00000000e+00
2.09238281e-02,3.93336815e+02,2.87618884e+00,2.48263841e-02,3.08362811e-06,8.36088640e-06,2.19936836e-01,1.19923916e-04,3.37376112e-03,6.00229628e-04,1.05625799e-04,0.00000000e+00
2.09252930e-02,3.98564067e+02,2.91216946e+00,2.47338779e-02,3.64058088e-06,9.29348483e-06,2.19725376e-01,1.34633401e-04,3.64415098e-03,6.25535882e-04,1.11236323e-04,0.00000000e+00
2.09267578e-02,4.04002629e+02,2.94961793e+00,2.46397158e-02,4.28279398e-06,1.03238408e-05,2.19500795e-01,1.50759575e-04,3.93105842e-03,6.49384334e-04,1.16857243e-04,0.00000000e+00
2.09282227e-02,4.09651560e+02,2.98852548e+00,2.45439314e-02,5.02013854e-06,1.14591316e-05,2.19262856e-01,1.68343080e-04,4.23486180e-03,6.71527294e-04,1.22463705e-04,0.00000000e+00
2.09296875e-02,4.15509010e+02,3.02887679e+00,2.44465596e-02,5.86305214e-06,1.27064675e-05,2.19011355e-01,1.87406598e-04,4.55588905e-03,6.91744021e-04,1.28030913e-04,0.00000000e+00
2.09304199e-02,4.18515235e+02,3.04958828e+00,2.43972856e-02,6.32837370e-06,1.33749865e-05,2.18880412e-01,1.97497216e-04,4.72302007e-03,7.01059499e-04,1.30791076e-04,0.00000000e+00
2.09311523e-02,4.21573238e+02,3.07065762e+00,2.43476269e-02,6.82437156e-06,1.40745918e-05,2.18745933e-01,2.07962382e-04,4.89464879e-03,7.09812996e-04,1.33531806e-04,0.00000000e+00
2.09318848e-02,4.24682555e+02,3.09208122e+00,2.42975880e-02,7.35249937e-06,1.48061491e-05,2.18607897e-01,2.18798864e-04,5.07080549e-03,7.17985605e-04,1.36249995e-04,0.00000000e+00
2.09326172e-02,4.27842639e+02,3.11385491e+00,2.42471740e-02,7.91421146e-06,1.55704860e-05,2.18466290e-01,2.30001654e-04,5.25151410e-03,7.25561414e-04,1.38942577e-04,0.00000000e+00
2.09333496e-02,4.31052918e+02,3.13597432e+00,2.41963895e-02,8.51100114e-06,1.63684308e-05,2.18321096e-01,2.41564402e-04,5.43679795e-03,7.32526870e-04,1.41606504e-04,0.00000000e+00
2.09340820e-02,4.34312741e+02,3.15843455e+00,2.41452396e-02,9.14435429e-06,1.72007702e-05,2.18172304e-01,2.53478941e-04,5.62667405e-03,7.38871556e-04,1.44238779e-04,0.00000000e+00
2.09348145e-02,4.37621438e+02,3.18123053e+00,2.40937288e-02,9.81579025e-06,1.80682896e-05,2.18019903e-01,2.65735724e-04,5.82115878e-03,7.44587475e-04,1.46836426e-04,0.00000000e+00
2.09355469e-02,4.40978261e+02,3.20435666e+00,2.40418623e-02,1.05268123e-05,1.89717299e-05,2.17863885e-01,2.78323397e-04,6.02026237e-03,7.49669787e-04,1.49396531e-04,0.00000000e+00
2.09362793e-02,4.44382448e+02,3.22780722e+00,2.39896448e-02,1.12789510e-05,1.99118302e-05,2.17704245e-01,2.91229238e-04,6.22399445e-03,7.54116038e-04,1.51916198e-04,0.00000000e+00
2.09370117e-02,4.47833166e+02,3.25157601e+00,2.39370813e-02,1.20737119e-05,2.08892843e-05,2.17540980e-01,3.04438793e-04,6.43235864e-03,7.57926840e-04,1.54392606e-04,0.00000000e+00
2.09377441e-02,4.51329569e+02,3.27565672e+00,2.38841765e-02,1.29126209e-05,2.19047847e-05,2.17374089e-01,3.17936300e-04,6.64535803e-03,7.61105065e-04,1.56822955e-04,0.00000000e+00
2.09384766e-02,4.54870749e+02,3.30004261e+00,2.38309353e-02,1.37971700e-05,2.29589797e-05,2.17203574e-01,3.31704401e-04,6.86298993e-03,7.63656456e-04,1.59204527e-04,0.00000000e+00
2.09392090e-02,4.58455789e+02,3.32472688e+00,2.37773626e-02,1.47288647e-05,2.40525181e-05,2.17029439e-01,3.45724538e-04,7.08525119e-03,7.65588810e-04,1.61534633e-04,0.00000000e+00
2.09399414e-02,4.62083717e+02,3.34970233e+00,2.37234632e-02,1.57091676e-05,2.51860079e-05,2.16851690e-01,3.59976751e-04,7.31213315e-03,7.66912513e-04,1.63810676e-04,0.00000000e+00
2.09406738e-02,4.65753554e+02,3.37496174e+00,2.36692418e-02,1.67395473e-05,2.63600609e-05,2.16670336e-01,3.74440037e-04,7.54362675e-03,7.67639735e-04,1.66030094e-04,0.00000000e+00
2.09414062e-02,4.69464276e+02,3.40049755e+00,2.36147032e-02,1.78214215e-05,2.75752529e-05,2.16485388e-01,3.89092224e-04,7.77971775e-03,7.67784886e-04,1.68190426e-04,0.00000000e+00
2.09421387e-02,4.73214856e+02,3.42630219e+00,2.35598522e-02,1.89562066e-05,2.88321687e-05,2.16296858e-01,4.03910301e-04,8.02039160e-03,7.67363840e-04,1.70289260e-04,0.00000000e+00
2.09428711e-02,4.77004228e+02,3.45236785e+00,2.35046934e-02,2.01452603e-05,3.01313637e-05,2.16104764e-01,4.18870361e-04,8.26562885e-03,7.66394317e-04,1.72324292e-04,0.00000000e+00
2.09443359e-02,4.84695619e+02,3.50525461e+00,2.33934768e-02,2.26895178e-05,3.28575633e-05,2.15710037e-01,4.49137817e-04,8.76960082e-03,7.62871719e-04,1.76196097e-04,0.00000000e+00
2.09458008e-02,4.92527223e+02,3.55907531e+00,2.32810878e-02,2.54654632e-05,3.57571021e-05,2.15301594e-01,4.79670109e-04,9.29121391e-03,7.57439887e-04,1.79793182e-04,0.00000000e+00
2.09472656e-02,5.00490261e+02,3.61376571e+00,2.31675622e-02,2.84825506e-05,3.88344408e-05,2.14879642e-01,5.10265090e-04,9.83023093e-03,7.50277923e-04,1.83101190e-04,0.00000000e+00
2.09487305e-02,5.08575905e+02,3.66926140e+00,2.30529352e-02,3.17494562e-05,4.20942978e-05,2.14444415e-01,5.40720981e-04,1.03863848e-02,7.41573200e-04,1.86107555e-04,0.00000000e+00
2.09501953e-02,5.16775352e+02,3.72549827e+00,2.29372414e-02,3.52740180e-05,4.55418120e-05,2.13996172e-01,5.70840637e-04,1.09593824e-02,7.31516241e-04,1.88801645e-04,0.00000000e+00
2.09516602e-02,5.25079887e+02,3.78241301e+00,2.28205148e-02,3.90631928e-05,4.91827107e-05,2.13535190e-01,6.00435504e-04,1.15489078e-02,7.20296187e-04,1.91174870e-04,0.00000000e+00
2.09531250e-02,5.33480946e+02,3.83994357e+00,2.27027888e-02,4.31230306e-05,5.30234791e-05,2.13061761e-01,6.29329125e-04,1.21546266e-02,7.08096945e-04,1.93220753e-04,0.00000000e+00
2.09545898e-02,5.41970160e+02,3.89802944e+00,2.25840962e-02,4.74586660e-05,5.70715241e-05,2.12576186e-01,6.57360109e-04,1.27761889e-02,6.95094058e-04,1.94934970e-04,0.00000000e+00
2.09560547e-02,5.50539401e+02,3.95661199e+00,2.24644691e-02,5.20743256e-05,6.13353321e-05,2.12078772e-01,6.84384500e-04,1.34132340e-02,6.81452298e-04,1.96315333e-04,0.00000000e+00
2.09575195e-02,5.59180813e+02,4.01563473e+00,2.23439390e-02,5.69733496e-05,6.58246135e-05,2.11569827e-01,7.10277513e-04,1.40653933e-02,6.67323951e-04,1.97361750e-04,0.00000000e+00
2.09589844e-02,5.67886842e+02,4.07504348e+00,2.22225364e-02,6.21582262e-05,7.05504336e-05,2.11049654e-01,7.34934649e-04,1.47322942e-02,6.52847737e-04,1.98076141e-04,0.00000000e+00
2.09604492e-02,5.76650251e+02,4.13478649e+00,2.21002913e-02,6.76306359e-05,7.55253264e-05,2.10518547e-01,7.58272219e-04,1.54135638e-02,6.38148282e-04,1.98462318e-04,0.00000000e+00
2.09619141e-02,5.85464142e+02,4.19481458e+00,2.19772325e-02,7.33915050e-05,8.07633902e-05,2.09976790e-01,7.80227319e-04,1.61088321e-02,6.23336054e-04,1.98525853e-04,0.00000000e+00
2.09633789e-02,5.94321957e+02,4.25508120e+00,2.18533882e-02,7.94410641e-05,8.62803635e-05,2.09424647e-01,8.00757334e-04,1.68177354e-02,6.08507691e-04,1.98273916e-04,0.00000000e+00
2.09648437e-02,6.03217488e+02,4.31554239e+00,2.17287855e-02,8.57789121e-05,9.20936809e-05,2.08862367e-01,8.19839035e-04,1.75399192e-02,5.93746620e-04,1.97715108e-04,0.00000000e+00
2.09663086e-02,6.12144872e+02,4.37615688e+00,2.16034505e-02,9.24040809e-05,9.82225084e-05,2.08290174e-01,8.37467353e-04,1.82750411e-02,5.79123896e-04,1.96859280e-04,0.00000000e+00
2.09677734e-02,6.21098595e+02,4.43688595e+00,2.14774083e-02,9.93151015e-05,1.04687760e-04,2.07708270e-01,8.53653901e-04,1.90227732e-02,5.64699204e-04,1.95717367e-04,0.00000000e+00
2.09692383e-02,6.30073478e+02,4.49769347e+00,2.13506829e-02,1.06510069e-04,1.11512091e-04,2.07116830e-01,8.68425324e-04,1.97828047e-02,5.50521951e-04,1.94301202e-04,0.00000000e+00
2.09707031e-02,6.39064672e+02,4.55854579e+00,2.12232971e-02,1.13986706e-04,1.18719881e-04,2.06516002e-01,8.81821523e-04,2.05548432e-02,5.36632427e-04,1.92623363e-04,0.00000000e+00
2.09736328e-02,6.57082353e+02,4.68029065e+00,2.09666336e-02,1.29771869e-04,1.34354980e-04,2.05287036e-01,9.04657616e-04,2.21335561e-02,5.09816662e-04,1.88526972e-04,0.00000000e+00
2.09765625e-02,6.75114341e+02,4.80186187e+00,2.07075860e-02,1.46642567e-04,1.51811348e-04,2.04022912e-01,9.22830603e-04,2.37559687e-02,4.84405813e-04,1.83578482e-04,0.00000000e+00
2.09794922e-02,6.93133286e+02,4.92307545e+00,2.04462957e-02,1.64572496e-04,1.71329972e-04,2.02723884e-01,9.36969572e-04,2.54204955e-02,4.60478700e-04,1.77890370e-04,0.00000000e+00
2.09824219e-02,7.11115824e+02,5.04377735e+00,2.01828878e-02,1.83533711e-04,1.93169765e-04,2.01389773e-01,9.47771947e-04,2.71259114e-02,4.38051313e-04,1.71575043e-04,0.00000000e+00
2.09853516e-02,7.29042118e+02,5.16384004e+00,1.99174730e-02,2.03497528e-04,2.17603329e-04,2.00020008e-01,9.55965980e-04,2.88713426e-02,4.17095958e-04,1.64742593e-04,0.00000000e+00
2.09882812e-02,7.46895401e+02,5.28315911e+00,1.96501486e-02,2.24435125e-04,2.44912139e-04,1.98613657e-01,9.62281878e-04,3.06562450e-02,3.97556159e-04,1.57499136e-04,0.00000000e+00
2.09912109e-02,7.64661546e+02,5.40165002e+00,1.93810016e-02,2.46317889e-04,2.75381335e-04,1.97169483e-01,9.67430883e-04,3.24803707e-02,3.79357810e-04,1.49945622e-04,0.00000000e+00
2.09941406e-02,7.82328668e+02,5.51924514e+00,1.91101100e-02,2.69117553e-04,3.09294259e-04,1.95685989e-01,9.72091130e-04,3.43437267e-02,3.62417239e-04,1.42176995e-04,0.00000000e+00
2.09970703e-02,7.99886754e+02,5.63589102e+00,1.88375462e-02,2.92806167e-04,3.46926907e-04,1.94161484e-01,9.76898938e-04,3.62465282e-02,3.46646850e-04,1.34281610e-04,0.00000000e+00
2.10000000e-02,8.17327341e+02,5.75154588e+00,1.85633788e-02,3.17355945e-04,3.88542453e-04,1.92594133e-01,9.82444203e-04,3.81891476e-02,3.31958935e-04,1.26340835e-04,0.00000000e+00
2.10029297e-02,8.34643216e+02,5.86617743e+00,1.82876756e-02,3.42739028e-04,4.34385976e-04,1.90982021e-01,9.89268707e-04,4.01720626e-02,3.18268165e-04,1.18428792e-04,0.00000000e+00
2.10058594e-02,8.51828160e+02,5.97976090e+00,1.80105057e-02,3.68927181e-04,4.84679529e-04,1.89323212e-01,9.97866361e-04,4.21958033e-02,3.05493117e-04,1.10612206e-04,0.00000000e+00
2.10087891e-02,8.68876723e+02,6.09227726e+00,1.77319417e-02,3.95891469e-04,5.39617644e-04,1.87615806e-01,1.00868460e-03,4.42609009e-02,2.93557148e-04,1.02950331e-04,0.00000000e+00
2.10117187e-02,8.85784028e+02,6.20371175e+00,1.74520622e-02,4.23601921e-04,5.99363381e-04,1.85857996e-01,1.02212636e-03,4.63678385e-02,2.82388806e-04,9.54949682e-05,0.00000000e+00
2.10146484e-02,9.02545605e+02,6.31405250e+00,1.71709535e-02,4.52027190e-04,6.64044979e-04,1.84048123e-01,1.03855220e-03,4.85170040e-02,2.71921955e-04,8.82905394e-05,0.00000000e+00
2.10175781e-02,9.19157242e+02,6.42328942e+00,1.68887112e-02,4.81134252e-04,7.33753160e-04,1.82184727e-01,1.05828240e-03,5.07086479e-02,2.62095688e-04,8.13742470e-05,0.00000000e+00
2.10205078e-02,9.35614874e+02,6.53141322e+00,1.66054420e-02,5.10888115e-04,8.08539119e-04,1.80266590e-01,1.08159874e-03,5.29428435e-02,2.52854138e-04,7.47762947e-05,0.00000000e+00
2.10234375e-02,9.51914476e+02,6.63841454e+00,1.63212646e-02,5.41251585e-04,8.88413205e-04,1.78292784e-01,1.10874604e-03,5.52194530e-02,2.44146206e-04,6.85201780e-05,0.00000000e+00
2.10263672e-02,9.68051985e+02,6.74428323e+00,1.60363110e-02,5.72185071e-04,9.73344296e-04,1.76262703e-01,1.13993337e-03,5.75380980e-02,2.35925265e-04,6.26230367e-05,0.00000000e+00
2.10292969e-02,9.84023238e+02,6.84900783e+00,1.57507271e-02,6.03646439e-04,1.06325984e-03,1.74176098e-01,1.17533500e-03,5.98981344e-02,2.28148839e-04,5.70960651e-05,0.00000000e+00
2.10322266e-02,9.99823914e+02,6.95257505e+00,1.54646732e-02,6.35590927e-04,1.15804655e-03,1.72033104e-01,1.21509114e-03,6.22986340e-02,2.20778288e-04,5.19449700e-05,0.00000000e+00
2.10351562e-02,1.01544951e+03,7.05496939e+00,1.51783240e-02,6.67971116e-04,1.25755167e-03,1.69834255e-01,1.25930854e-03,6.47383705e-02,2.13778485e-04,4.71704681e-05,0.00000000e+00
2.10380859e-02,1.03089579e+03,7.15617641e+00,1.48918689e-02,7.00736950e-04,1.36158485e-03,1.67580502e-01,1.30806116e-03,6.72158112e-02,2.07117468e-04,4.27688130e-05,0.00000000e+00
2.10410156e-02,1.04615866e+03,7.25618133e+00,1.46055113e-02,7.33835812e-04,1.46992035e-03,1.65273217e-01,1.36139079e-03,6.97291132e-02,2.00766205e-04,3.87323396e-05,0.00000000e+00
2.10439453e-02,1.06123401e+03,7.35496826e+00,1.43194685e-02,7.67212655e-04,1.58229979e-03,1.62914193e-01,1.41930781e-03,7.22761261e-02,1.94698380e-04,3.50500150e-05,0.00000000e+00
2.10468750e-02,1.07611775e+03,7.45252023e+00,1.40339705e-02,8.00810189e-04,1.69843514e-03,1.60505640e-01,1.48179215e-03,7.48543988e-02,1.88890191e-04,3.17079839e-05,0.00000000e+00
2.10498047e-02,1.09080583e+03,7.54881929e+00,1.37492592e-02,8.34569117e-04,1.81801204e-03,1.58050173e-01,1.54879438e-03,7.74611921e-02,1.83320160e-04,2.86900996e-05,0.00000000e+00
2.10527344e-02,1.10529427e+03,7.64384666e+00,1.34655867e-02,8.68428411e-04,1.94069336e-03,1.55550790e-01,1.62023704e-03,8.00934949e-02,1.77968953e-04,2.59784320e-05,0.00000000e+00
2.10556641e-02,1.11957919e+03,7.73758287e+00,1.31832146e-02,9.02325637e-04,2.06612280e-03,1.53010851e-01,1.69601614e-03,8.27480455e-02,1.72819215e-04,2.35537448e-05,0.00000000e+00
2.10585938e-02,1.13365680e+03,7.83000799e+00,1.29024114e-02,9.36197304e-04,2.19392878e-03,1.50434051e-01,1.77600290e-03,8.54213557e-02,1.67855420e-04,2.13959375e-05,0.00000000e+00
2.10615234e-02,1.14752350e+03,7.92110186e+00,1.26234516e-02,9.69979246e-04,2.32372815e-03,1.47824381e-01,1.86004574e-03,8.81097385e-02,1.63063721e-04,1.94844473e-05,0.00000000e+00
2.10644531e-02,1.16117585e+03,8.01084429e+00,1.23466132e-02,1.00360702e-03,2.45513004e-03,1.45186101e-01,1.94797237e-03,9.08093376e-02,1.58431821e-04,1.77986087e-05,0.00000000e+00
2.10673828e-02,1.17461061e+03,8.09921535e+00,1.20721761e-02,1.03701630e-03,2.58773956e-03,1.42523693e-01,2.03959207e-03,9.35161601e-02,1.53948844e-04,1.63179699e-05,0.00000000e+00
2.10703125e-02,1.18782480e+03,8.18619561e+00,1.18004199e-02,1.07014334e-03,2.72116141e-03,1.39841825e-01,2.13469814e-03,9.62261089e-02,1.49605214e-04,1.50225651e-05,0.00000000e+00
2.10732422e-02,1.20081570e+03,8.27176636e+00,1.15316219e-02,1.10292532e-03,2.85500330e-03,1.37145303e-01,2.23307032e-03,9.89350176e-02,1.45392541e-04,1.38931442e-05,0.00000000e+00
2.10761719e-02,1.21358085e+03,8.35590988e+00,1.12660552e-02,1.13530082e-03,2.98887919e-03,1.34439035e-01,2.33447736e-03,1.01638684e-01,1.41303513e-04,1.29113607e-05,0.00000000e+00
2.10791016e-02,1.22611813e+03,8.43860963e+00,1.10039868e-02,1.16721016e-03,3.12241228e-03,1.31727984e-01,2.43867949e-03,1.04332903e-01,1.37331786e-04,1.20599200e-05,0.00000000e+00
2.10820313e-02,1.23842574e+03,8.51985048e+00,1.07456755e-02,1.19859580e-03,3.25523775e-03,1.29017124e-01,2.54543099e-03,1.07013503e-01,1.33471894e-04,1.13226902e-05,0.00000000e+00
2.10849609e-02,1.25050219e+03,8.59961886e+00,1.04913702e-02,1.22940264e-03,3.38700520e-03,1.26311405e-01,2.65448250e-03,1.09676372e-01,1.29719143e-04,1.06847779e-05,0.00000000e+00
2.10878906e-02,1.26234636e+03,8.67790295e+00,1.02413085e-02,1.25957838e-03,3.51738073e-03,1.23615712e-01,2.76558341e-03,1.12317492e-01,1.26069530e-04,1.01325720e-05,0.00000000e+00
2.10908203e-02,1.27395749e+03,8.75469280e+00,9.99571490e-03,1.28907380e-03,3.64604878e-03,1.20934829e-01,2.87848401e-03,1.14932961e-01,1.22519647e-04,9.65375782e-06,0.00000000e+00
2.10937500e-02,1.28533514e+03,8.82998041e+00,9.75479969e-03,1.31784295e-03,3.77271353e-03,1.18273405e-01,2.99293758e-03,1.17519025e-01,1.19066601e-04,9.23730561e-06,0.00000000e+00
2.10966797e-02,1.29647927e+03,8.90375983e+00,9.51875773e-03,1.34584339e-03,3.89710004e-03,1.15635929e-01,3.10870227e-03,1.20072092e-01,1.15707923e-04,8.87343480e-06,0.00000000e+00
2.10996094e-02,1.30739014e+03,8.97602719e+00,9.28776748e-03,1.37303635e-03,4.01895495e-03,1.13026700e-01,3.22554292e-03,1.22588758e-01,1.12441454e-04,8.55355869e-06,0.00000000e+00
2.11054687e-02,1.32851761e+03,9.11604490e+00,8.84139853e-03,1.42490475e-03,4.25435921e-03,1.07906437e-01,3.46172678e-03,1.27502655e-01,1.06180208e-04,8.02328464e-06,0.00000000e+00
2.11113281e-02,1.34875266e+03,9.25023439e+00,8.41670972e-03,1.47319911e-03,4.47750412e-03,1.02938639e-01,3.69959069e-03,1.32241241e-01,1.00260847e-04,7.58924968e-06,0.00000000e+00
2.11171875e-02,1.36811156e+03,9.37866516e+00,8.01447622e-03,1.51775090e-03,4.68724888e-03,9.81470254e-02,3.93762828e-03,1.36786567e-01,9.46753098e-05,7.22008754e-06,0.00000000e+00
2.11230469e-02,1.38661521e+03,9.50144026e+00,7.63518354e-03,1.55845262e-03,4.88280128e-03,9.35509307e-02,4.17447974e-03,1.41124562e-01,8.94157032e-05,6.89460885e-06,0.00000000e+00
2.11289062e-02,1.40428855e+03,9.61869291e+00,7.27903845e-03,1.59525469e-03,5.06369384e-03,8.91652812e-02,4.40894364e-03,1.45244990e-01,8.44742597e-05,6.59921074e-06,0.00000000e+00
2.11347656e-02,1.42115981e+03,9.73058258e+00,6.94598755e-03,1.62816083e-03,5.22975116e-03,8.50007340e-02,4.63997843e-03,1.49141287e-01,7.98428725e-05,6.32562002e-06,0.00000000e+00
2.11406250e-02,1.43725986e+03,9.83729062e+00,6.63574177e-03,1.65722247e-03,5.38105186e-03,8.10639443e-02,4.86669694e-03,1.52810295e-01,7.55127156e-05,6.06907519e-06,0.00000000e+00
2.11464844e-02,1.45262154e+03,9.93901576e+00,6.34780489e-03,1.68253254e-03,5.51788767e-03,7.73579249e-02,5.08835656e-03,1.56251928e-01,7.14740232e-05,5.82696719e-06,0.00000000e+00
2.11523437e-02,1.46727895e+03,1.00359697e+01,6.08150433e-03,1.70421886e-03,5.64072228e-03,7.38824658e-02,5.30434710e-03,1.59468792e-01,6.77160149e-05,5.59789623e-06,0.00000000e+00
2.11582031e-02,1.48126695e+03,1.01283728e+01,5.83602268e-03,1.72243759e-03,5.75015181e-03,7.06345848e-02,5.51417789e-03,1.62465785e-01,6.42269346e-05,5.38106705e-06,0.00000000e+00
2.11640625e-02,1.49462060e+03,1.02164502e+01,5.61042861e-03,1.73736689e-03,5.84686841e-03,6.76089833e-02,5.71746501e-03,1.65249693e-01,6.09941736e-05,5.17593453e-06,0.00000000e+00
2.11699219e-02,1.50737467e+03,1.03004287e+01,5.40370624e-03,1.74920094e-03,5.93162785e-03,6.47984907e-02,5.91391940e-03,1.67828804e-01,5.80044452e-05,4.98201882e-06,0.00000000e+00
2.11757812e-02,1.51956335e+03,1.03805331e+01,5.21478212e-03,1.75814458e-03,6.00522172e-03,6.21944807e-02,6.10333581e-03,1.70212542e-01,5.52439904e-05,4.79882513e-06,0.00000000e+00
2.11816406e-02,1.53121982e+03,1.04569844e+01,5.04254945e-03,1.76440843e-03,6.06845426e-03,5.97872519e-02,6.28558301e-03,1.72411135e-01,5.26987900e-05,4.62582171e-06,0.00000000e+00
2.11875000e-02,1.54237613e+03,1.05299970e+01,4.88588922e-03,1.76820482e-03,6.12212391e-03,5.75663657e-02,6.46059488e-03,1.74435327e-01,5.03547711e-05,4.46244574e-06,0.00000000e+00
2.11933594e-02,1.55306290e+03,1.05997778e+01,4.74368810e-03,1.76974420e-03,6.16700898e-03,5.55209412e-02,6.62836244e-03,1.76296117e-01,4.81979963e-05,4.30811952e-06,0.00000000e+00
2.11992187e-02,1.56330927e+03,1.06665246e+01,4.61485342e-03,1.76923232e-03,6.20385723e-03,5.36399044e-02,6.78892651e-03,1.78004550e-01,4.62148283e-05,4.16226753e-06,0.00000000e+00
2.12050781e-02,1.57314275e+03,1.07304252e+01,4.49832503e-03,1.76686790e-03,6.23337854e-03,5.19121961e-02,6.94237105e-03,1.79571538e-01,4.43920676e-05,4.02433064e-06,0.00000000e+00
2.12109375e-02,1.58258923e+03,1.07916571e+01,4.39308462e-03,1.76284089e-03,6.25624037e-03,5.03269413e-02,7.08881681e-03,1.81007717e-01,4.27170631e-05,3.89377602e-06,0.00000000e+00
2.12167969e-02,1.59167293e+03,1.08503868e+01,4.29816256e-03,1.75733122e-03,6.27306528e-03,4.88735824e-02,7.22841539e-03,1.82323338e-01,4.11777946e-05,3.77010318e-06,0.00000000e+00
2.12226562e-02,1.60041642e+03,1.09067700e+01,4.21264270e-03,1.75050787e-03,6.28442991e-03,4.75419828e-02,7.36134346e-03,1.83528186e-01,3.97629323e-05,3.65284681e-06,0.00000000e+00
2.12285156e-02,1.60884063e+03,1.09609518e+01,4.13566528e-03,1.74252843e-03,6.29086521e-03,4.63225041e-02,7.48779717e-03,1.84631514e-01,3.84618742e-05,3.54157713e-06,0.00000000e+00
2.12343750e-02,1.61696495e+03,1.10130662e+01,4.06642843e-03,1.73353885e-03,6.29285709e-03,4.52060624e-02,7.60798644e-03,1.85642013e-01,3.72647642e-05,3.43589862e-06,0.00000000e+00
2.12402344e-02,1.62480723e+03,1.10632372e+01,4.00418837e-03,1.72367351e-03,6.29084740e-03,4.41841669e-02,7.72212902e-03,1.86567784e-01,3.61624879e-05,3.33544732e-06,0.00000000e+00
2.12460938e-02,1.63238389e+03,1.11115786e+01,3.94825861e-03,1.71305544e-03,6.28523448e-03,4.32489463e-02,7.83044378e-03,1.87416332e-01,3.51466213e-05,3.23988671e-06,0.00000000e+00
2.12578125e-02,1.64678739e+03,1.12030991e+01,3.85341381e-03,1.68989931e-03,6.26427894e-03,4.16167009e-02,8.03023530e-03,1.88902688e-01,3.33501356e-05,3.06249796e-06,0.00000000e+00
2.12695313e-02,1.66034391e+03,1.12888533e+01,3.77654811e-03,1.66497711e-03,6.23317689e-03,4.02325621e-02,8.21045854e-03,1.90169316e-01,3.18009780e-05,2.90080559e-06,0.00000000e+00
2.12812500e-02,1.67314508e+03,1.13694826e+01,3.71409395e-03,1.63889968e-03,6.19390241e-03,3.90532767e-02,8.37298914e-03,1.91256197e-01,3.04560710e-05,2.75313947e-06,0.00000000e+00
2.12929687e-02,1.68526881e+03,1.14455330e+01,3.66312274e-03,1.61215292e-03,6.14814114e-03,3.80425634e-02,8.51961786e-03,1.92196496e-01,2.92795844e-05,2.61801039e-06,0.00000000e+00
2.13046875e-02,1.69678130e+03,1.15174691e+01,3.62125185e-03,1.58511754e-03,6.09731755e-03,3.71702913e-02,8.65201396e-03,1.93017465e-01,2.82421714e-05,2.49412320e-06,0.00000000e+00
2.13164062e-02,1.70773877e+03,1.15856851e+01,3.58655743e-03,1.55808719e-03,6.04262619e-03,3.64116409e-02,8.77170375e-03,1.93741330e-01,2.73199592e-05,2.38034909e-06,0.00000000e+00
2.13281250e-02,1.71818894e+03,1.16505153e+01,3.55749589e-03,1.53128461e-03,5.98506256e-03,3.57463110e-02,8.88006044e-03,1.94386098e-01,2.64936155e-05,2.27569869e-06,0.00000000e+00
2.13398437e-02,1.72817221e+03,1.17122421e+01,3.53283546e-03,1.50487550e-03,5.92545144e-03,3.51578015e-02,8.97830138e-03,1.94966286e-01,2.57475366e-05,2.17929985e-06,0.00000000e+00
2.13515625e-02,1.73772268e+03,1.17711030e+01,3.51159778e-03,1.47898024e-03,5.86447218e-03,3.46327917e-02,9.06748832e-03,1.95493536e-01,2.50691190e-05,2.09037122e-06,0.00000000e+00
2.13750000e-02,1.75561419e+03,1.18808458e+01,3.47705191e-03,1.42897814e-03,5.74008710e-03,3.37411109e-02,9.22144666e-03,1.96417304e-01,2.38832394e-05,1.93245207e-06,0.00000000e+00
2.13984375e-02,1.77221635e+03,1.19822075e+01,3.44871222e-03,1.38164519e-03,5.61544644e-03,3.29837573e-02,9.35091356e-03,1.97229600e-01,2.28554511e-05,1.79609227e-06,0.00000000e+00
2.14218750e-02,1.78768529e+03,1.20762502e+01,3.42408776e-03,1.33706199e-03,5.49245457e-03,3.23226205e-02,9.46039413e-03,1.97962220e-01,2.19486614e-05,1.67770445e-06,0.00000000e+00
2.14453125e-02,1.80214330e+03,1.21637987e+01,3.40165018e-03,1.29517379e-03,5.37235039e-03,3.17324570e-02,9.55333789e-03,1.98635801e-01,2.11373010e-05,1.57435706e-06,0.00000000e+00
2.14687500e-02,1.81568499e+03,1.22454846e+01,3.38047129e-03,1.25585571e-03,5.25591266e-03,3.11965671e-02,9.63237464e-03,1.99263763e-01,2.04036165e-05,1.48369186e-06,0.00000000e+00
2.15156250e-02,1.84023764e+03,1.23927230e+01,3.34021924e-03,1.18442266e-03,5.03561424e-03,3.02541806e-02,9.75508949e-03,2.00409016e-01,1.91287520e-05,1.33347472e-06,0.00000000e+00
2.15625000e-02,1.86233464e+03,1.25245447e+01,3.30105629e-03,1.12088203e-03,4.83103121e-03,2.94162652e-02,9.84561280e-03,2.01459389e-01,1.80280713e-05,1.21288632e-06,0.00000000e+00
2.16093750e-02,1.88237078e+03,1.26435128e+01,3.26253124e-03,1.06403729e-03,4.64149710e-03,2.86578536e-02,9.91121195e-03,2.02433914e-01,1.70633160e-05,1.11438010e-06,0.00000000e+00
2.16562500e-02,1.90064798e+03,1.27515707e+01,3.22458520e-03,1.01289360e-03,4.46590242e-03,2.79638761e-02,9.95707778e-03,2.03344130e-01,1.62083785e-05,1.03267072e-06,0.00000000e+00
2.17031250e-02,1.91739621e+03,1.28501852e+01,3.18727404e-03,9.66641896e-04,4.30306646e-03,2.73245715e-02,9.98698398e-03,2.04197702e-01,1.54447276e-05,9.64010632e-07,0.00000000e+00
2.17500000e-02,1.93278234e+03,1.29404044e+01,3.15066886e-03,9.24628406e-04,4.15191307e-03,2.67336356e-02,1.00036940e-02,2.04999800e-01,1.47590668e-05,9.05717420e-07,0.00000000e+00
2.18437500e-02,1.95977715e+03,1.30975502e+01,3.07983137e-03,8.51644722e-04,3.88235632e-03,2.56869982e-02,1.00050607e-02,2.06456639e-01,1.35909992e-05,8.13319856e-07,0.00000000e+00
2.19375000e-02,1.98342266e+03,1.32344113e+01,3.01219187e-03,7.89309518e-04,3.64482905e-03,2.47595437e-02,9.97876112e-03,2.07776570e-01,1.26046652e-05,7.41725070e-07,0.00000000e+00
2.20312500e-02,2.00436214e+03,1.33549965e+01,2.94783614e-03,7.35407533e-04,3.43405785e-03,2.39293913e-02,9.93285419e-03,2.08980676e-01,1.17597130e-05,6.84707875e-07,0.00000000e+00
2.21250000e-02,2.02307562e+03,1.34622785e+01,2.88671607e-03,6.88315430e-04,3.24582138e-03,2.31800767e-02,9.87307248e-03,2.10085484e-01,1.10271773e-05,6.38261850e-07,0.00000000e+00
2.22187500e-02,2.03992935e+03,1.35585139e+01,2.82872134e-03,6.46815553e-04,3.07675469e-03,2.24989326e-02,9.80353424e-03,2.11104156e-01,1.03857400e-05,5.99707402e-07,0.00000000e+00
2.23125000e-02,2.05520634e+03,1.36454381e+01,2.77371834e-03,6.09978678e-04,2.92416528e-03,2.18761012e-02,9.72725801e-03,2.12047206e-01,9.81939035e-06,5.67195418e-07,0.00000000e+00
2.24062500e-02,2.06912292e+03,1.37243690e+01,2.72156963e-03,5.77089013e-04,2.78590835e-03,2.13040176e-02,9.64649273e-03,2.12922852e-01,9.31603381e-06,5.39422720e-07,0.00000000e+00
2.25000000e-02,2.08182932e+03,1.37962035e+01,2.67214093e-03,5.47596743e-04,2.66032514e-03,2.07775327e-02,9.56290841e-03,2.13736864e-01,8.86685492e-06,5.15472649e-07,0.00000000e+00
2.26875000e-02,2.10377518e+03,1.39194109e+01,2.58118111e-03,4.97486287e-04,2.44391602e-03,1.98583538e-02,9.39303283e-03,2.15183203e-01,8.11317523e-06,4.76901567e-07,0.00000000e+00
2.28750000e-02,2.12279470e+03,1.40257068e+01,2.49815584e-03,4.55491458e-04,2.25904779e-03,1.90517022e-02,9.22188606e-03,2.16470789e-01,7.48480832e-06,4.46136789e-07,0.00000000e+00
2.30625000e-02,2.13945830e+03,1.41184880e+01,2.42219979e-03,4.19853907e-04,2.09961589e-03,1.83366743e-02,9.05311156e-03,2.17625513e-01,6.95362182e-06,4.20991803e-07,0.00000000e+00
2.32500000e-02,2.15415798e+03,1.42000695e+01,2.35266259e-03,3.89340135e-04,1.96119813e-03,1.76989715e-02,8.88913892e-03,2.18665389e-01,6.50023465e-06,4.00071232e-07,0.00000000e+00
2.36250000e-02,2.17809546e+03,1.43318781e+01,2.23193900e-03,3.41049922e-04,1.73919879e-03,1.66459232e-02,8.58672246e-03,2.20411994e-01,5.79055440e-06,3.68148847e-07,0.00000000e+00
2.40000000e-02,2.19787549e+03,1.44402726e+01,2.12697880e-03,3.03026137e-04,1.56118426e-03,1.57619787e-02,8.30601797e-03,2.21897776e-01,5.23363759e-06,3.43623529e-07,0.00000000e+00
2.43750000e-02,2.21450795e+03,1.45310731e+01,2.03500730e-03,2.72440697e-04,1.41587360e-03,1.50080388e-02,8.04773441e-03,2.23177983e-01,4.78642208e-06,3.24137923e-07,0.00000000e+00
2.47500000e-02,2.22866911e+03,1.46081677e+01,1.95408940e-03,2.47456291e-04,1.29567581e-03,1.43576920e-02,7.81149860e-03,2.24290631e-01,4.42109235e-06,3.08280095e-07,0.00000000e+00
2.55000000e-02,2.25039273e+03,1.47256054e+01,1.82306670e-03,2.10730518e-04,1.11703904e-03,1.33445098e-02,7.41534200e-03,2.26046571e-01,3.88654573e-06,2.85024751e-07,0.00000000e+00
2.62500000e-02,2.26747478e+03,1.48175717e+01,1.71550171e-03,1.83558193e-04,9.82900412e-04,1.25341268e-02,7.07676966e-03,2.27464561e-01,3.48987907e-06,2.67590901e-07,0.00000000e+00
2.70000000e-02,2.28121299e+03,1.48912945e+01,1.62595982e-03,1.62838980e-04,8.79455740e-04,1.18727253e-02,6.78673980e-03,2.28629818e-01,3.18593809e-06,2.54039348e-07,0.00000000e+00
2.77500000e-02,2.29245870e+03,1.49514893e+01,1.55061027e-03,1.46659180e-04,7.97939643e-04,1.13244315e-02,6.53735992e-03,2.29600632e-01,2.94708365e-06,2.43218276e-07,0.00000000e+00
2.85000000e-02,2.30178622e+03,1.50013387e+01,1.48678900e-03,1.33800780e-04,7.32649521e-04,1.08645094e-02,6.32240456e-03,2.30417504e-01,2.75575449e-06,2.34408107e-07,0.00000000e+00
3.00000000e-02,2.31540463e+03,1.50737886e+01,1.39039241e-03,1.15844055e-04,6.40910894e-04,1.01845139e-02,5.99343930e-03,2.31632678e-01,2.48650379e-06,2.21732917e-07,0.00000000e+00
3.15000000e-02,2.32559442e+03,1.51278694e+01,1.31632991e-03,1.03142858e-04,5.75469018e-04,9.66875503e-03,5.73648151e-03,2.32557682e-01,2.29322912e-06,2.12383113e-07,0.00000000e+00
3.30000000e-02,2.33337488e+03,1.51690888e+01,1.25861499e-03,9.38796384e-05,5.27448073e-04,9.27052790e-03,5.53407288e-03,2.33273373e-01,2.15024551e-06,2.05297637e-07,0.00000000e+00
3.45000000e-02,2.33940797e+03,1.52010079e+01,1.21315262e-03,8.69616366e-05,4.91418374e-04,8.95892641e-03,5.37344289e-03,2.33834055e-01,2.04204565e-06,1.99822807e-07,0.00000000e+00
3.60000000e-02,2.34414009e+03,1.52260267e+01,1.17709348e-03,8.17040358e-05,4.63930433e-04,8.71265595e-03,5.24529072e-03,2.34277301e-01,1.95879805e-06,1.95534680e-07,0.00000000e+00
3.90000000e-02,2.35037989e+03,1.52589318e+01,1.12869046e-03,7.49718841e-05,4.28652192e-04,8.38547386e-03,5.07288033e-03,2.34867356e-01,1.85096650e-06,1.89868434e-07,0.00000000e+00
4.20000000e-02,2.35456551e+03,1.52809833e+01,1.09583287e-03,7.06018438e-05,4.05671561e-04,8.16431904e-03,4.95533947e-03,2.35266289e-01,1.77994900e-06,1.86059666e-07,0.00000000e+00
4.80000000e-02,2.35889046e+03,1.53037560e+01,1.06156567e-03,6.62133052e-05,3.82528386e-04,7.93423265e-03,4.83239283e-03,2.35681146e-01,1.70766503e-06,1.82112420e-07,0.00000000e+00
6.00000000e-02,2.35889046e+03,1.53037560e+01,1.06156567e-03,6.62133052e-05,3.82528386e-04,7.93423265e-03,4.83239283e-03,2.35681146e-01,1.70766503e-06,1.82112420e-07,0.00000000e+00
